Name,Code,TaxSpread,Valuation,Rate
Alden,142001,13663172,765815164,0.017841344
Akron,145601,7913903,492517484,0.016068268
Amherst,142201,35808995,1827197280,0.019597772
Sweet Home,142207,46571338,2435074914,0.019125218
Attica,562201,29707,739493,0.040172118
